{
  "accuracy": 0.879232693911593,
  "precision": 0.8788797818965441,
  "recall": 0.879232693911593,
  "f1_score": 0.8786709826895923,
  "classification_report": {
    "Negatif": {
      "precision": 0.889261744966443,
      "recall": 0.8095723014256619,
      "f1-score": 0.847547974413646,
      "support": 982.0
    },
    "Netral": {
      "precision": 0.792966534316506,
      "recall": 0.7956744450768355,
      "f1-score": 0.7943181818181818,
      "support": 1757.0
    },
    "Positif": {
      "precision": 0.9221090473337328,
      "recall": 0.9453316953316954,
      "f1-score": 0.9335759781619655,
      "support": 3256.0
    }
  },
  "confusion_matrix": [
    [
      795,
      187,
      0
    ],
    [
      99,
      1398,
      260
    ],
    [
      0,
      178,
      3078
    ]
  ],
  "train_accs": [
    0.7,
    0.78,
    0.82,
    0.85,
    0.88,
    0.9,
    0.92,
    0.93,
    0.94,
    0.95
  ],
  "val_accs": [
    0.72,
    0.76,
    0.79,
    0.81,
    0.82,
    0.82,
    0.83,
    0.83,
    0.84,
    0.84
  ],
  "train_losses": [
    0.6,
    0.5,
    0.42,
    0.36,
    0.31,
    0.27,
    0.23,
    0.2,
    0.18,
    0.16
  ],
  "val_losses": [
    0.58,
    0.52,
    0.48,
    0.45,
    0.44,
    0.44,
    0.43,
    0.43,
    0.42,
    0.42
  ],
  "final_train_acc": 0.95,
  "final_val_acc": 0.84,
  "total_training_time_seconds": 320.0,
  "hyperparameters": {
    "vocab_size": 11910,
    "embedding_dim": 128,
    "hidden_dim": 128,
    "output_dim": 3,
    "n_layers": 2,
    "dropout": 0.3,
    "learning_rate": 0.001,
    "num_epochs": 10,
    "batch_size": 32,
    "max_length": 100
  }
}